{"cameraMode":{"drawMode":0,"name":"Shaded","section":"Shading Mode"},"sceneLighting":true,"audioPlay":false,"sceneViewState":{"showFog":true,"showMaterialUpdate":false,"showSkybox":true,"showFlares":true,"showImageEffects":true,"showParticleSystems":true},"in2DMode":false,"pivot":{"x":4.993134021759033,"y":1.3099687099456788,"z":21.147823333740236},"rotation":{"x":0.016006112098693849,"y":0.15000879764556886,"z":0.0024287605192512275,"w":-0.9885518550872803},"size":12.461819648742676,"orthographic":false}