{"cameraMode":{"drawMode":0,"name":"Shaded","section":"Shading Mode"},"sceneLighting":true,"audioPlay":false,"sceneViewState":{"showFog":true,"showMaterialUpdate":false,"showSkybox":true,"showFlares":true,"showImageEffects":true,"showParticleSystems":true},"in2DMode":false,"pivot":{"x":2.4134459495544435,"y":-1.4673372507095338,"z":10.33627700805664},"rotation":{"x":-0.1439274698495865,"y":-0.1939995139837265,"z":0.028786566108465196,"w":-0.9699612855911255},"size":10.0,"orthographic":false}